{
  "avg_recall@5": 0.552548921614793,
  "avg_recall@10": 0.7413746531055339,
  "avg_recall@20": 0.8317675495823812,
  "avg_mrr": 0.8418123977151755,
  "avg_precision@5": 0.6499999999999999,
  "avg_precision@10": 0.5111111111111111,
  "avg_precision@20": 0.3326388888888889,
  "avg_rouge1": 0.032834113948206095,
  "avg_rouge2": 0.013456961297163266,
  "avg_rougeL": 0.02830730589507291
}