{
  "avg_recall@5": 0.0,
  "avg_recall@10": 0.04393939393939393,
  "avg_recall@20": 0.04393939393939393,
  "avg_mrr": 0.026785714285714284,
  "avg_precision@5": 0.0,
  "avg_precision@10": 0.06,
  "avg_precision@20": 0.03,
  "avg_rouge1": 0.006060606060606061,
  "avg_rouge2": 0.0,
  "avg_rougeL": 0.006060606060606061
}