{
  "avg_recall@5": 0.057979797979797985,
  "avg_recall@10": 0.1456060606060606,
  "avg_recall@20": 0.1456060606060606,
  "avg_mrr": 0.19,
  "avg_precision@5": 0.13999999999999999,
  "avg_precision@10": 0.17,
  "avg_precision@20": 0.085,
  "avg_rouge1": 0.006060606060606061,
  "avg_rouge2": 0.0,
  "avg_rougeL": 0.006060606060606061
}