{
  "avg_recall@5": 0.17476263798228914,
  "avg_recall@10": 0.2899701457793437,
  "avg_recall@20": 0.2899701457793437,
  "avg_mrr": 0.5210813492063492,
  "avg_precision@5": 0.2555555555555556,
  "avg_precision@10": 0.20833333333333334,
  "avg_precision@20": 0.10416666666666667,
  "avg_rouge1": 0.038287096381328156,
  "avg_rouge2": 0.0155478690608242,
  "avg_rougeL": 0.03270908407011015
}