{
  "avg_recall@5": 0.23025252525252524,
  "avg_recall@10": 0.29156565656565653,
  "avg_recall@20": 0.4106313131313131,
  "avg_mrr": 0.5379761904761904,
  "avg_precision@5": 0.33999999999999997,
  "avg_precision@10": 0.24,
  "avg_precision@20": 0.19,
  "avg_rouge1": 0.1181026137463698,
  "avg_rouge2": 0.052376333656644035,
  "avg_rougeL": 0.08518877057115198
}