{
  "avg_recall@5": 0.02,
  "avg_recall@10": 0.02,
  "avg_recall@20": 0.02,
  "avg_mrr": 0.02,
  "avg_precision@5": 0.02,
  "avg_precision@10": 0.01,
  "avg_precision@20": 0.005,
  "avg_rouge1": 0.006060606060606061,
  "avg_rouge2": 0.0,
  "avg_rougeL": 0.006060606060606061
}