{
  "avg_recall@5": 0.36720435157368003,
  "avg_recall@10": 0.4993883439019492,
  "avg_recall@20": 0.6152937705336121,
  "avg_mrr": 0.6217974155474155,
  "avg_precision@5": 0.3777777777777778,
  "avg_precision@10": 0.2791666666666667,
  "avg_precision@20": 0.19652777777777775,
  "avg_rouge1": 0.3240675962663273,
  "avg_rouge2": 0.11521853098672745,
  "avg_rougeL": 0.16429383569070952
}