{
  "avg_recall@5": 0.09353535353535354,
  "avg_recall@10": 0.14005050505050504,
  "avg_recall@20": 0.14005050505050504,
  "avg_mrr": 0.15333333333333332,
  "avg_precision@5": 0.18000000000000002,
  "avg_precision@10": 0.15,
  "avg_precision@20": 0.075,
  "avg_rouge1": 0.006060606060606061,
  "avg_rouge2": 0.0,
  "avg_rougeL": 0.006060606060606061
}